Job,Education,Sex,Age,1993,1993,1993,1993,1994,1994,1994,1994,1995,1995,1995,1995,1996,1996,1996,1996,1997,1997,1997,1997,1998,1998,1998,1998,1999,1999,1999,1999
Job,Education,Sex,Age,Total hours worked (Hours),Monthly Total wage (Won),Annual special payments (Won),Employment (Persons),Total hours worked (Hours),Monthly Total wage (Won),Annual special payments (Won),Employment (Persons),Total hours worked (Hours),Monthly Total wage (Won),Annual special payments (Won),Employment (Persons),Total hours worked (Hours),Monthly Total wage (Won),Annual special payments (Won),Employment (Persons),Total hours worked (Hours),Monthly Total wage (Won),Annual special payments (Won),Employment (Persons),Total hours worked (Hours),Monthly Total wage (Won),Annual special payments (Won),Employment (Persons),Total hours worked (Hours),Monthly Total wage (Won),Annual special payments (Won),Employment (Persons)
All occupations,Total,Total,Total,216.9,757007,2394282,4913862,215,827625,2641318,4923705,214.7,927891,3217254,5219747,207,1049895,3625836,5301550,206,1131621,4105512,5249178,205.7,1148122,4152159,4729350,211.4,1210838,3408920,5469934
All occupations,Total,Male,Total,218.6,867970,2831075,3469202,216.6,938982,3082649,3511925,217,1049646,3734097,3711505,209.4,1176994,4181414,3815110,208.6,1261941,4673926,3802561,207.8,1274784,4692036,3456021,213.7,1358343,3874477,3829248
All occupations,Total,Female,Total,213,490541,1345367,1444660,211.1,550615,1543469,1411780,209,628275,1945401,1508242,200.7,723680,2199887,1486440,199.3,789063,2611388,1446617,199.9,804343,2686847,1273329,206,866570,2322340,1640686
All occupations,Under middle shcool,Total,Total,228.8,643934,1588539,1260556,227.6,700927,1775861,1207923,230.6,782099,2123857,1169946,226.1,865268,2254254,1062787,225.5,923910,2504153,980098,223.9,910466,2507529,790390,228,967356,2062326,860667
All occupations,Under middle shcool,Male,Total,232.3,775839,2013007,769999,230.1,835121,2222229,748930,235.3,932352,2645483,722267,233.2,1025945,2815968,650745,233,1088459,3091612,610536,230.8,1066944,3118202,499327,232.8,1138643,2600444,536152
All occupations,Under middle shcool,Female,Total,223.4,436890,922276,490557,223.4,481965,1047530,458993,223,539688,1282286,447679,215,611507,1367130,412042,212.9,652066,1533639,369562,212.1,642022,1459901,291063,220,684363,1173265,324515
All occupations,High shcool,Total,Total,218.5,700926,2166497,2430580,217.2,774175,2430304,2444628,217.4,860868,2873262,2579829,210.1,967386,3206198,2624927,209.7,1044314,3572791,2572481,209,1040208,3521570,2254859,215.4,1088550,2833815,2591366
All occupations,High shcool,Male,Total,222.7,805105,2491811,1648495,221.7,880543,2781335,1681264,222.9,976037,3244026,1759812,215.3,1084572,3601734,1832808,214.7,1163718,3951394,1812295,213.3,1153628,3867971,1598940,220.3,1218857,3116654,1743706
All occupations,High shcool,Female,Total,209.8,481336,1480793,782085,207.1,539906,1657180,763364,205.7,613709,2077578,820017,198.1,696242,2291004,792119,197.9,759653,2670195,760186,198.6,763725,2677145,655919,205.4,820497,2251992,847660
All occupations,Jonior college,Total,Total,207.9,763837,2418849,349006,205.7,836354,2557037,398282,204,935979,3079801,458116,196.3,1041896,3418743,500645,195.6,1107406,3849490,558918,198.2,1108744,3866441,557278,204.5,1126218,3123736,689146
All occupations,Jonior college,Male,Total,209.8,832499,2728686,254107,207.6,906443,2833182,293375,206.4,1021002,3444769,328075,198.7,1136457,3849017,351919,198.2,1215987,4354768,386158,199.9,1221440,4273985,379230,207.3,1263836,3540676,439028
All occupations,Jonior college,Female,Total,202.7,579983,1589214,94899,200.4,640347,1784792,104907,197.9,721477,2159040,130041,190.8,818143,2400618,148726,189.8,864703,2720079,172760,194.6,868709,2998400,178048,199.8,884660,2391888,250118
All occupations,College and university and over,Total,Total,199.1,1073426,4180620,873720,195.8,1148671,4468417,872872,194,1263681,5420756,1011856,186,1424315,6017969,1113191,185.9,1519873,6815412,1137681,189.9,1550242,6708917,1126823,196.2,1650922,5550631,1328755
All occupations,College and university and over,Male,Total,199.6,1098434,4356563,796601,196.1,1174389,4635462,788356,194.5,1297778,5668553,901351,186.5,1464808,6292372,979638,186.3,1565564,7088191,993572,190.2,1599488,7003706,978524,196.5,1720844,5811724,1110362
All occupations,College and university and over,Female,Total,193.3,815103,2363213,77119,192.9,908782,2910233,84516,189.9,985564,3399569,110505,182.8,1127296,4005167,133553,183,1204846,4934717,144109,187.9,1225303,4763806,148299,194.6,1295423,4223172,218393
Senior officials and managers,Total,Total,Total,199.6,1462264,4780050,196829,196.7,1561389,4873900,203585,195.7,1746073,6192926,195327,187.1,2042591,7019690,211030,187.1,2170363,7608477,225106,192.1,2145012,6915625,230436,198.1,2104322,4949658,300707
Senior officials and managers,Total,Male,Total,199.7,1465968,4823890,192558,196.8,1565443,4913456,199176,195.9,1750939,6225756,191422,187.2,2049687,7045806,206532,187.3,2179579,7658483,218802,192.2,2154474,6988556,223157,198.2,2119859,4982485,283568
Senior officials and managers,Total,Female,Total,196.8,1295245,2803503,4271,195.3,1378255,3086962,4409,186.8,1507528,4583614,3905,183.4,1716773,5820548,4498,182.9,1850481,5872827,6304,189.4,1854926,4679724,7279,195.3,1847264,4406529,17139
Senior officials and managers,Under middle shcool,Total,Total,204.9,1191798,2566625,10297,203.8,1237994,3005260,8305,206.4,1104297,2688634,6698,198.3,1707492,4405403,6405,197.7,1786389,4313850,7367,197.9,1865169,3754131,7463,205.5,1699837,2749648,9315
Senior officials and managers,Under middle shcool,Male,Total,205,1186167,2577248,10202,203.9,1238047,3017967,8211,206.9,1111019,2641711,6450,198.9,1708673,4382207,6330,197.6,1790241,4315980,7269,198.1,1868126,3870063,7204,206.1,1720217,2604253,8672
Senior officials and managers,Under middle shcool,Female,Total,197,1796526,1425768,95,199.1,1233404,1895340,94,193.9,929484,3909012,248,152.3,1607800,6363107,75,207.7,1500658,4155879,98,193,1782913,529516,259,197.1,1424977,4710554,643
Senior officials and managers,High shcool,Total,Total,202.6,1282529,3696655,67708,199.6,1376564,3806582,72022,198.7,1482793,4499347,67775,191.1,1743955,5398638,64746,189.4,1869262,5762178,75434,194.4,1876377,5268938,75984,200.8,1795815,3836658,95617
Senior officials and managers,High shcool,Male,Total,202.7,1284207,3738425,65768,199.7,1373921,3858490,70133,198.9,1482905,4502410,66157,191.3,1751224,5396074,62791,189.6,1874650,5767948,73005,194.6,1881133,5295792,73153,200.9,1801951,3787431,89778
Senior officials and managers,High shcool,Female,Total,198.9,1225638,2280624,1940,195.4,1474675,1879416,1889,188.2,1478221,4374082,1618,184.6,1510481,5481009,1955,183.7,1707322,5588732,2429,189.4,1753477,4575031,2831,198.6,1701466,4593546,5839
Senior officials and managers,Jonior college,Total,Total,199.1,1257809,3669238,13530,197.2,1346754,3201533,15541,197.1,1544051,4201060,16970,188.1,1750949,5164221,19996,189.7,1875896,6016138,18489,194.5,1829208,4606929,24677,201.1,1769937,3117980,32574
Senior officials and managers,Jonior college,Male,Total,199.2,1265481,3711926,13016,197.2,1360291,3229171,14851,197.2,1545168,4186562,16838,188.1,1751330,5180264,19698,189.9,1885235,6068524,18165,194.7,1842260,4646662,23738,202.2,1797930,3225435,29191
Senior officials and managers,Jonior college,Female,Total,196.3,1063521,2588253,514,197.1,1055388,2606693,690,188.7,1401591,6050409,132,187.6,1725812,4103785,298,174.2,1352318,3079120,324,189,1499258,3602459,939,191,1528391,2190776,3383
Senior officials and managers,College and university and over,Total,Total,197.2,1630562,5835907,105294,194.2,1740868,5972888,107717,192.9,1992220,7849158,103884,184.1,2270425,8344341,119883,184.8,2420624,9167128,123816,189.9,2392686,8597290,122312,195.5,2374900,6092909,163201
Senior officials and managers,College and university and over,Male,Total,197.3,1634143,5874198,103572,194.2,1746295,5994453,105981,193,1999276,7907158,101977,184.1,2277159,8381226,117713,184.9,2432465,9246984,120363,189.9,2401992,8684213,119062,195.5,2385395,6131763,155927
Senior officials and managers,College and university and over,Female,Total,194.5,1415176,3532834,1722,194.3,1409510,4656347,1736,184.6,1614899,4747593,1907,182.9,1905151,6343452,2170,182.5,2007857,6383539,3453,189.3,2051794,5412907,3250,194.6,2149929,5260036,7274
Professionals,Total,Total,Total,199.9,1028446,3563182,415480,196.8,1128641,4143452,413007,194.4,1232710,5032310,494507,185.7,1382820,5636168,518432,185.8,1470840,6508704,578156,189.8,1526034,6617350,535860,194.5,1685629,5870951,529906
Professionals,Total,Male,Total,200.6,1090037,3919560,332244,197.3,1176722,4411853,338477,194.6,1298025,5454790,394124,185.7,1457358,6120528,401052,186,1547928,7002666,449104,189,1608590,7062713,412259,194.6,1782904,6117283,406791
Professionals,Total,Female,Total,196.9,782603,2140668,83236,194.6,910284,2924515,74530,193.6,976268,3373566,100383,185.8,1128146,3981253,117380,185.2,1202571,4789704,129052,192.6,1250674,5131885,123601,194.1,1364215,5057030,123115
Professionals,Under middle shcool,Total,Total,197.7,778492,2646335,1401,200.7,933176,3462912,1519,198.2,1070196,4329909,914,202.9,1123541,3724637,732,201.9,1204576,4052582,734,271.3,1164779,2689411,1485,200.7,1554178,5152134,1266
Professionals,Under middle shcool,Male,Total,194.7,1007740,4046821,776,201.5,992123,3618055,1269,195.8,1098554,4532233,834,206,1200862,4090332,581,205.9,1217854,4220057,561,204.4,1392640,4452510,556,202.5,1735899,5553584,924
Professionals,Under middle shcool,Female,Total,201.3,493858,907491,625,197.1,633964,2675408,250,222.5,774563,2220688,80,191,826033,2317556,151,188.7,1161519,3509496,173,311.3,1028406,1634208,929,195.7,1063212,4067516,342
Professionals,High shcool,Total,Total,202.4,940448,3375239,20319,200.8,1022300,3954285,14859,198.6,1162157,4758790,17267,187.2,1175698,4442736,15276,191.4,1266299,5248999,21303,191.9,1199173,4341535,19322,200.8,1395148,4177003,27782
Professionals,High shcool,Male,Total,203.9,1039718,3954064,15552,201.2,1124078,4518413,11428,199.8,1250119,5141933,14204,186.9,1338392,5274778,10772,193.5,1437787,6119685,15020,190.9,1408887,5438278,12301,202,1521049,4478366,21475
Professionals,High shcool,Female,Total,197.7,616589,1486863,4767,199.6,683296,2075284,3431,193.3,754248,2982050,3063,187.9,786592,2452782,4504,186.4,856343,3167556,6283,193.6,831748,2420009,7021,196.7,966462,3150876,6307
Professionals,Jonior college,Total,Total,205,782105,2364281,74878,202.1,886186,2716473,63864,199,940507,3063392,82798,189.7,1074972,3519021,81834,190.1,1177424,4116284,92200,195.6,1133038,4530417,73637,199.8,1236032,3525500,67679
Professionals,Jonior college,Male,Total,206.7,916559,2918783,36764,204.6,1003749,3043941,35849,199,1088320,3645965,39067,189.3,1251890,4215883,32867,191,1379384,4820378,39627,193,1336811,4931738,25655,201.6,1406894,3640050,34986
Professionals,Jonior college,Female,Total,203.4,652412,1829419,38114,198.9,735748,2297434,28015,198.9,808458,2542952,43731,190,956224,3051282,48967,189.4,1025197,3585572,52573,197,1024085,4315839,47982,197.9,1053186,3402917,32693
Professionals,College and university and over,Total,Total,198.5,1092996,3860705,318882,195.6,1180813,4428871,332765,193.2,1297662,5460201,393528,184.8,1450691,6094773,420590,184.7,1538968,7045908,463919,188.5,1607116,7078325,441416,193.2,1774887,6348141,433179
Professionals,College and university and over,Male,Total,199.6,1115915,4049085,279152,196.3,1200992,4580265,289931,193.9,1324610,5677950,340019,185.3,1480292,6324798,356832,185.1,1569555,7259843,393896,188.7,1634140,7266337,373747,193.4,1836773,6467549,349406
Professionals,College and university and over,Female,Total,190.6,931960,2537103,39730,191.4,1044230,3404127,42834,189.3,1126423,4076533,53509,182.5,1285028,4807398,63758,182,1366911,5842476,70023,187.8,1457858,6039907,67669,192.3,1516770,5850107,83773
Technicians and associate professioanls,Total,Total,Total,203.7,906960,3624299,371568,201.9,923023,3613495,394496,199.9,1046642,4160667,476695,192.3,1197153,4856596,492500,190.8,1285485,5297914,583271,193.9,1313776,5445795,545949,200.2,1337965,4110610,916691
Technicians and associate professioanls,Total,Male,Total,204,952420,3854708,325869,202.5,980721,3938234,329680,200.9,1113869,4504512,398134,193.3,1258557,5209391,422721,191.6,1358495,5692715,490156,194.1,1381632,5822414,467847,200.9,1432255,4445777,725671
Technicians and associate professioanls,Total,Female,Total,201.9,582796,1981309,45699,198.5,629547,1961741,64816,194.5,705943,2418120,78561,186.1,825168,2719363,69779,187,901159,3219687,93115,192.8,907309,3189770,78102,197.5,979763,2837333,191020
Technicians and associate professioanls,Under middle shcool,Total,Total,210.1,901822,3317165,9833,215.5,871908,2854929,9099,210.4,1097836,3511807,7319,206.3,1154960,3864115,6219,203.1,1422869,4605249,9057,203,1241620,4295893,8661,214.9,1223003,2664936,20193
Technicians and associate professioanls,Under middle shcool,Male,Total,211,914895,3260430,9021,217.3,971696,3275440,7341,211.2,1127500,3608820,6797,207.7,1194829,4031448,5699,202.9,1446111,4666057,8653,202.3,1268560,4417609,7708,212,1352061,3051862,15594
Technicians and associate professioanls,Under middle shcool,Female,Total,199.6,756579,3947468,812,208.1,455217,1098971,1758,200.4,711584,2248596,522,191,718021,2030208,520,207.3,925053,3302833,404,208.7,1023724,3311438,953,224.6,785401,1352969,4599
Technicians and associate professioanls,High shcool,Total,Total,207.4,849463,3065245,169917,205.6,885117,3405314,170593,203.6,1000484,3864672,202822,198.5,1159291,4514594,189393,194.9,1251511,4964999,220116,198.9,1273974,5071120,174934,203.8,1263547,3571164,307711
Technicians and associate professioanls,High shcool,Male,Total,208.3,899883,3242969,145409,207.4,947611,3652632,142771,205.9,1083900,4173280,163067,200.3,1223293,4735092,162063,196.6,1333863,5243929,179924,199.1,1336458,5310804,150550,204.6,1345644,3671227,242901
Technicians and associate professioanls,High shcool,Female,Total,201.9,550318,2010784,24508,196.5,564427,2136181,27822,194.2,658330,2598825,39755,187.6,779771,3207072,27330,187.4,882853,3716340,40192,197.6,888186,3591280,24384,201,955855,3196137,64810
Technicians and associate professioanls,Jonior college,Total,Total,205.9,776866,2493907,68424,205.1,837976,2664647,99992,202.3,968171,3125675,116044,194.3,1060373,3488835,135254,192.3,1127387,3853891,162829,195.7,1156742,4096048,161132,201.2,1157624,3147112,234900
Technicians and associate professioanls,Jonior college,Male,Total,206.5,832010,2733180,54274,205.8,899112,2997652,74328,203.5,1034143,3408798,91910,196,1126724,3843974,108850,193.6,1206456,4251469,127707,196.4,1232235,4490974,128495,203.1,1275992,3463607,158052
Technicians and associate professioanls,Jonior college,Female,Total,203.7,565354,1576145,14150,203,660913,1700196,25664,197.6,716927,2047451,24134,187.5,786842,2024784,26404,187.5,839885,2408261,35122,193.2,859518,2541188,32637,197.4,914177,2496182,76848
Technicians and associate professioanls,College and university and over,Total,Total,197,1058685,5045428,123394,192.4,1057465,4809308,114812,192.4,1166854,5389077,150510,182.8,1357597,6440049,161634,184.3,1452667,6943146,191269,187.8,1477233,6901849,201222,195.4,1528938,5301700,353887
Technicians and associate professioanls,College and university and over,Male,Total,196.9,1076290,5179190,117165,192.6,1083908,5036229,105240,192.7,1202766,5683802,136360,183,1398372,6798650,146109,184.3,1491296,7266794,173872,188,1530003,7252249,181094,196.3,1584253,5626887,309124
Technicians and associate professioanls,College and university and over,Female,Total,198,727544,2529421,6229,190.2,766744,2314412,9572,189.9,820773,2548881,14150,181.1,973856,3065187,15525,184.3,1066598,3708496,17397,185.7,1002456,3749260,20128,189.6,1146946,3056026,44763
Clerks,Total,Total,Total,203.7,717242,2699167,1216344,200.4,784461,2949112,1216466,199.1,882555,3505327,1289821,192.2,999468,3950432,1314982,191.8,1045655,4257016,1262081,194.5,1061488,4265685,1169011,200.6,1083272,3494144,1233366
Clerks,Total,Male,Total,205.1,849058,3316682,744770,201.8,921780,3592768,746307,200.3,1033005,4286919,779260,193.3,1160359,4799965,804967,193.6,1214761,5106544,753424,195.7,1229173,5151248,690791,202.6,1294260,4430240,616344
Clerks,Total,Female,Total,201.6,509063,1723908,471574,198.1,566488,1927404,470159,197.3,652927,2312396,510561,190.5,745532,2609595,510015,189.3,795173,2998692,508657,192.7,819267,2986484,478220,198.6,872515,2559077,617022
Clerks,Under middle shcool,Total,Total,210.6,791293,2762032,40804,206,841491,2749298,44260,210.5,907841,3070902,39362,203.1,1094550,3874911,38594,201,1110628,4183314,33310,202.2,1094493,3918933,30635,208.1,1100007,3120440,33498
Clerks,Under middle shcool,Male,Total,212.1,839071,2936663,33070,208.6,903456,3011943,35132,211.7,950506,3207125,32420,202.7,1139626,4146700,29353,202.7,1164346,4270609,25918,204.3,1166488,4231963,22704,210.4,1183690,3494541,25233
Clerks,Under middle shcool,Female,Total,204.2,586993,2015324,7734,195.9,602997,1738423,9128,205,708592,2434724,6942,204.5,951369,3011605,9241,195.1,922279,3877240,7392,196.2,888393,3022824,7931,201,844524,1978312,8265
Clerks,High shcool,Total,Total,204.4,649994,2350791,753649,200.9,714683,2629361,740016,200.1,805041,3072000,759000,193.6,913040,3486135,738923,193,969450,3766936,716965,195.5,985669,3837767,623959,201.7,996526,3071404,673877
Clerks,High shcool,Male,Total,207.2,823832,3078218,349741,204,897617,3425909,343494,203.1,1006658,3989099,342510,196.5,1133781,4508359,344707,196.9,1190896,4667819,334534,198.3,1204477,4824411,285409,206.1,1242713,3934461,252044
Clerks,High shcool,Female,Total,201.9,499468,1720916,403908,198.2,556213,1939338,396522,197.6,639236,2317803,416490,191.1,720021,2592291,394216,189.6,775738,2978882,382431,193.2,801206,3005993,338550,199,849430,2555730,421833
Clerks,Jonior college,Total,Total,204.4,702810,2372032,127201,202.3,778913,2526833,141034,200.2,856786,2911220,154243,193.5,946145,3162421,165614,193.1,1002518,3510356,185715,195,986303,3378910,188489,201.1,983399,2833412,213565
Clerks,Jonior college,Male,Total,205.5,775462,2727672,93227,203.6,863244,2901150,102256,201.8,959744,3386553,103675,195.2,1068569,3738369,105845,194.9,1149962,4295238,113173,196.5,1136356,4034128,107753,203.5,1168781,3590953,100432
Clerks,Jonior college,Female,Total,201.4,503446,1396132,33974,198.7,556537,1539775,38778,196.8,645701,1936688,50568,190.3,729344,2142475,59769,190.3,772490,2285859,72542,192.9,786037,2504435,80736,199,818829,2160917,113133
Clerks,College and university and over,Total,Total,200.8,885203,3722617,294690,197.3,955831,3996730,291156,195.1,1065859,4803105,337216,187.7,1185095,5231857,371851,187.6,1231133,5767302,326091,191.4,1247016,5630321,325928,197.3,1336851,4897685,312426
Clerks,College and university and over,Male,Total,201.2,908647,3878133,268732,197.4,978027,4152032,265425,195.5,1097177,5053109,300655,188.4,1220303,5513856,325062,188.3,1274176,6036683,279799,192,1296366,6004306,274925,197.7,1413206,5406040,238635
Clerks,College and university and over,Female,Total,196.3,642495,2112623,25958,195.6,726866,2394730,25731,192.3,808318,2747226,36561,182.6,940496,3272698,46789,183.5,970977,4139104,46292,188.1,981002,3614404,51003,195.9,1089924,3253700,73791
Service workers and shop and market sales workers,Total,Total,Total,213.3,583842,1537007,199146,210.2,643226,1679076,204336,209.4,734090,2234813,220962,202.3,838097,2286847,237622,201.4,877199,2630175,208647,203.6,868199,2807654,180671,205.8,869040,1898292,296359
Service workers and shop and market sales workers,Total,Male,Total,210.4,728089,2046034,77458,208.2,785810,2261158,76428,210.7,880864,2925758,85200,203.6,1018002,2938807,90733,204,1064469,3505722,73242,207.6,1057767,3810612,62464,208.8,1037492,2379113,113099
Service workers and shop and market sales workers,Total,Female,Total,215.2,492024,1212997,121688,211.4,558029,1331268,127908,208.6,641979,1801198,135762,201.4,726971,1884133,146889,200,775902,2156582,135405,201.4,768026,2277662,118207,203.9,765080,1601554,183260
Service workers and shop and market sales workers,Under middle shcool,Total,Total,219.5,559112,1537943,54245,222.2,609964,1730512,52119,222.4,708911,2285884,58106,211.7,794135,2386156,49679,209.6,863123,2861399,46359,211.7,839129,2838306,37194,206.5,817892,1961172,52970
Service workers and shop and market sales workers,Under middle shcool,Male,Total,211.5,743454,2280923,11719,215.7,769862,2644533,11566,217.2,902066,3559293,13154,216.4,1004047,3327838,11828,211.5,1165472,4586008,10014,215.7,1105222,4561561,7710,214.6,1046095,2804527,10571
Service workers and shop and market sales workers,Under middle shcool,Female,Total,221.7,508312,1333199,42526,224.1,564360,1469827,40553,224,652389,1913255,44952,210.2,728539,2091892,37851,209.1,779818,2386224,36345,210.6,769546,2387679,29484,204.4,760996,1750905,42399
Service workers and shop and market sales workers,High shcool,Total,Total,213.4,557719,1414410,119901,207.5,630907,1582954,126931,206.2,706340,2112666,133162,199.5,824636,2148855,158564,199.5,857440,2347047,133670,202.5,847810,2579862,112913,202.9,865637,1722183,191555
Service workers and shop and market sales workers,High shcool,Male,Total,213.1,686804,1836913,49097,208.6,780012,2151824,50713,211.4,857155,2762749,54499,201.7,1008643,2766043,62767,202.5,1048178,3112628,48798,208.6,1040565,3442712,39946,207.1,1047483,2094073,74101
Service workers and shop and market sales workers,High shcool,Female,Total,213.6,468208,1121438,70804,206.8,531698,1204446,76218,202.6,601853,1662278,78663,198,704074,1744468,95797,197.7,747774,1906868,84872,199.2,742286,2107492,72967,200.3,750912,1487560,117454
Service workers and shop and market sales workers,Jonior college,Total,Total,206.3,644472,1608204,13315,201.7,737501,1944734,17235,202.9,848267,2344886,20523,203.9,914597,2779546,19460,201.2,914306,3192955,18864,200.9,927431,3280014,21579,211.4,875960,2428146,34423
Service workers and shop and market sales workers,Jonior college,Male,Total,211.1,692843,1812382,7418,203.4,797011,2195602,9843,207.7,900718,2564745,11989,203.4,1006475,3350962,10617,207,1009045,3607246,10411,204.3,1046297,4121535,10134,208.2,958356,2973416,17384
Service workers and shop and market sales workers,Jonior college,Female,Total,200.2,583625,1351364,5897,199.4,658259,1610684,7392,196.2,774581,2036016,8534,204.4,804287,2093498,8843,194.1,797623,2682702,8453,197.8,822181,2534888,11445,214.7,791896,1871836,17039
Service workers and shop and market sales workers,College and university and over,Total,Total,192.2,897608,2709516,11685,191.7,850956,2292843,8051,188.4,1041044,3438479,9171,196.8,1123385,3028771,9919,189.2,1143110,4322824,9754,189.3,1102500,4408937,8985,223.9,1048410,2596970,17411
Service workers and shop and market sales workers,College and university and over,Male,Total,194.4,956667,3048609,9224,193,871336,2668921,4306,195.3,1020345,3803502,5558,199.4,1176464,3276894,5521,196,1154187,5323903,4019,193.6,1151371,5041976,4674,215.8,1086789,2949003,11043
Service workers and shop and market sales workers,College and university and over,Female,Total,183.9,676251,1438569,2461,190.2,827524,1860428,3745,177.7,1072887,2876951,3613,193.6,1056753,2717291,4398,184.5,1135347,3621283,5735,184.6,1049513,3722594,4311,238,981856,1986494,6368
Skilled agricultural amd fishery workers,Total,Total,Total,207.8,673615,1678820,8203,216.3,756071,1934901,6181,210.4,811602,2495697,5516,203.4,970433,3769599,2835,205.8,1201128,5141454,4429,199.2,1208781,5261046,4483,205.8,1025002,2164650,10625
Skilled agricultural amd fishery workers,Total,Male,Total,211.2,726149,1786771,6891,218.4,787452,2091337,5535,209.8,821080,2539203,5315,206.2,1049064,4264218,2377,206.2,1225336,5314928,4228,198.3,1221362,5359601,4375,206.8,1103453,2419989,8729
Skilled agricultural amd fishery workers,Total,Female,Total,189.7,397690,1111832,1312,198.7,487197,594542,646,225.8,560975,1345269,201,188.8,562345,1202548,458,197.8,691910,1492472,201,235.7,699133,1268631,108,201.2,663818,989096,1896
Skilled agricultural amd fishery workers,Under middle shcool,Total,Total,204.3,623998,1372038,3954,215.5,695248,1677980,3055,205.9,740190,2165946,3068,202,1007879,4004219,1116,204.1,1285155,5402815,1546,194.3,1320635,5241506,1440,206.2,864641,1558515,3613
Skilled agricultural amd fishery workers,Under middle shcool,Male,Total,210.5,690388,1453951,3096,218.7,742886,1973814,2546,204.6,750761,2235434,2911,202.7,1047577,4354784,1026,205.3,1332447,5751278,1435,191.9,1349004,5415757,1374,208.8,1011117,1956451,2294
Skilled agricultural amd fishery workers,Under middle shcool,Female,Total,182,384437,1076466,858,199.4,456965,198232,509,230.1,544198,877535,157,195,555322,7778,90,189.7,673766,897910,111,243.9,730046,1613918,66,201.6,609891,866425,1319
Skilled agricultural amd fishery workers,High shcool,Total,Total,210.8,669990,1776408,3489,221.3,787597,1964772,2394,216,874028,2648571,1807,209.1,986197,4183452,1189,207.8,1260819,5277079,1971,200.4,1217132,5456397,2046,208.4,1027550,1957284,4580
Skilled agricultural amd fishery workers,High shcool,Male,Total,212.4,705321,1855888,3068,222.7,799584,1965317,2275,216.1,880347,2639445,1763,211.2,1056961,4500567,983,207.8,1273336,5323405,1927,200.4,1221064,5491115,2028,209.2,1061293,2082934,4180
Skilled agricultural amd fishery workers,High shcool,Female,Total,199.9,412520,1197200,421,195.1,558420,1954353,119,210.5,620841,3014227,44,199.3,648519,2670228,206,204.8,712614,3248224,44,197.2,774133,1544833,18,200.7,674945,644238,400
Skilled agricultural amd fishery workers,Jonior college,Total,Total,216.4,967718,3241764,500,213.4,897964,2648525,362,212.5,952795,3707751,537,194.5,809640,2132561,458,202.2,882030,4763911,681,204.7,918454,4759216,605,203.2,1226253,3572634,1191
Skilled agricultural amd fishery workers,Jonior college,Male,Total,213.1,997019,3404257,467,213.3,902487,2643394,353,212.5,952795,3707751,537,206.9,1002821,3299706,296,201.6,894065,5018624,635,204.7,918454,4759216,605,202.9,1236993,3629736,1162
Skilled agricultural amd fishery workers,Jonior college,Female,Total,263.2,553061,942242,33,215.1,720556,2849778,9,,,,,172,456667,0,162,210.9,715891,1247761,46,,,,,216,795897,1284621,29
Skilled agricultural amd fishery workers,College and university and over,Total,Total,203.5,911229,2029054,260,193.9,915468,3164762,370,233.7,1104577,3308750,104,185,1152528,3712056,72,211,1070164,3348064,231,202.1,1202380,5087713,392,197.4,1289319,3343375,1241
Skilled agricultural amd fishery workers,College and university and over,Male,Total,203.5,911229,2029054,260,194,912814,3174526,361,233.7,1104577,3308750,104,185,1152528,3712056,72,211,1070164,3348064,231,199.5,1244412,5412220,368,197.6,1316516,3395760,1093
Skilled agricultural amd fishery workers,College and university and over,Female,Total,,,,,190.2,1021889,2773111,9,,,,,,,,,,,,,242,557875,111938,24,195.9,1088466,2956500,148
Craft and related trades workers,Total,Total,Total,228.1,666399,1761620,962913,225.7,764143,2143305,847899,228.5,837553,2550164,846377,216.2,961095,2884500,800104,215.3,1054586,3418888,734387,212.9,1044480,3454083,664691,223.4,1097036,2861236,748756
Craft and related trades workers,Total,Male,Total,229.4,778421,2184973,649864,225.6,871375,2576333,608537,229.2,950688,3025853,614383,217.8,1067716,3351673,617016,215,1158257,3914756,579276,212.5,1140907,3938754,530591,223.1,1199442,3272974,586625
Craft and related trades workers,Total,Female,Total,225.5,433851,882773,313049,226,491524,1042405,239362,226.6,537942,1290412,231994,210.9,601776,1310102,183088,216.5,667419,1567026,155111,214.8,662950,1536392,134100,224.4,726505,1371482,162131
Craft and related trades workers,Under middle shcool,Total,Total,228.4,618500,1502327,434979,226.4,717447,1839886,355896,228.5,779854,2203410,334358,216.1,875595,2406411,263482,215.7,963365,2862622,232962,213.5,959373,3091955,193087,223,986433,2202554,195929
Craft and related trades workers,Under middle shcool,Male,Total,230.7,795765,2125493,226917,224.7,893293,2491809,203568,229.4,976804,3005260,188256,218.1,1106985,3412377,146253,213.5,1192204,3935807,135732,211.2,1176853,4325836,115186,221.4,1201478,3102677,112680
Craft and related trades workers,Under middle shcool,Female,Total,225.9,425171,822688,208062,228.6,482449,968670,152328,227.5,526079,1170206,146102,213.7,586916,1151383,117229,218.8,643908,1364469,97230,216.8,637804,1267514,77901,225.2,695363,984211,83249
Craft and related trades workers,High shcool,Total,Total,228.6,700606,1926068,489717,226,795432,2350729,457976,229.2,869095,2713127,475548,217.6,993803,3040452,478042,216.1,1092565,3584205,452114,213.4,1070981,3510412,418359,225.2,1116110,2874014,466090
Craft and related trades workers,High shcool,Male,Total,229.6,767322,2172165,386563,227,860668,2617891,373776,230,936549,2975866,391044,219.4,1051458,3269688,413731,216.5,1147710,3823318,395969,213.6,1126442,3749472,364761,225.4,1184341,3084037,391677
Craft and related trades workers,High shcool,Female,Total,224.7,450591,1003833,103154,221.6,505840,1164761,84200,225.3,556952,1497297,84504,206.2,622891,1565710,64311,213.1,703654,1897839,56145,212.5,693540,1883486,53598,224.2,756973,1768542,74413
Craft and related trades workers,Jonior college,Total,Total,225.7,753507,2375250,26476,218.4,810972,2369403,25537,220.5,950829,3647715,28612,207.7,1051082,3518350,40318,208.7,1124758,4247639,37893,208.6,1111420,3948618,40113,217.1,1198282,4199800,59332
Craft and related trades workers,Jonior college,Male,Total,226.2,766777,2448085,25328,219.1,838012,2477963,23098,220.8,964832,3749112,27447,207.8,1057531,3543767,39182,209.1,1135946,4337567,36634,209.1,1129471,4032088,38226,217.2,1227797,4352526,55805
Craft and related trades workers,Jonior college,Female,Total,214.9,460739,768306,1148,211.8,554890,1341319,2439,212.7,620919,1258843,1165,204,828635,2641688,1136,199.5,799225,1630957,1259,200.1,745750,2257714,1887,216.3,731280,1783333,3527
Craft and related trades workers,College and university and over,Total,Total,206.5,817770,3124985,11741,204.3,892967,2993257,8490,208.8,971345,3445973,7859,198.2,1139798,4300590,18262,198.1,1179068,5472017,11418,201.7,1247108,5473496,13132,208.4,1344172,4455099,27405
Craft and related trades workers,College and university and over,Male,Total,205.7,837184,3250811,11056,202.3,909796,3063676,8095,209.2,980065,3493678,7636,198.4,1145134,4332903,17850,198.2,1193544,5547155,10941,201.4,1267563,5620849,12418,208.4,1354500,4517975,26463
Craft and related trades workers,College and university and over,Female,Total,218.5,504418,1094134,685,245.3,548081,1550114,395,195.2,672744,1812471,223,186.1,908636,2900629,412,193.6,847023,3748572,477,206.6,891356,2910712,714,206.8,1054045,2688760,942
Plant and machine operators and assemblers,Total,Total,Total,229.8,697284,1872404,1273447,230.7,760935,2029520,1306796,230.1,854522,2516927,1361226,224.5,945683,2759306,1368444,224.6,1006383,3013560,1286152,218.7,993679,2956231,1061960,230.6,1083247,2502127,1084893
Plant and machine operators and assemblers,Total,Male,Total,232.2,788365,2139191,941637,233.1,855346,2317833,969299,233.4,961246,2845275,1005547,226.7,1049127,3087998,1023442,227.2,1105316,3317711,981115,221.1,1080366,3179646,839685,231.8,1179511,2765459,857110
Plant and machine operators and assemblers,Total,Female,Total,222.9,438805,1115295,331810,223.9,489786,1201476,337497,220.8,552798,1588648,355679,218.1,638819,1784247,345002,216.2,688175,2035295,305037,209.5,666202,2112237,222275,226.4,721023,1511254,227783
Plant and machine operators and assemblers,Under middle shcool,Total,Total,232.1,690363,1704256,533308,230.7,732092,1821871,524850,231.4,835082,2263876,516687,230.2,923844,2319944,474836,229,982176,2535175,422776,224,972811,2557586,312013,234.1,1058493,2215268,356879
Plant and machine operators and assemblers,Under middle shcool,Male,Total,235.1,809095,2054753,362990,233.9,868378,2230857,343554,235.5,994913,2785638,337961,233.4,1083784,2801494,311265,234.2,1146612,3025023,281358,227.6,1110760,2971410,220705,235.5,1212646,2650744,251703
Plant and machine operators and assemblers,Under middle shcool,Female,Total,225.7,437315,957258,170318,224.6,473832,1046849,181296,223.6,532852,1277252,178726,224.2,619488,1403585,163571,218.7,655024,1560598,141418,215.3,639368,1557313,91308,230.7,689580,1173104,105176
Plant and machine operators and assemblers,High shcool,Total,Total,228.3,698030,1970688,712883,231.1,777307,2158333,745484,229.6,862633,2636257,804152,221.8,952544,2954478,853114,222.8,1013376,3214306,818750,216.8,992709,3062850,698314,229.5,1091641,2614504,675836
Plant and machine operators and assemblers,High shcool,Male,Total,230.8,773123,2171171,552180,233.2,847905,2361882,590837,232.8,943446,2840502,628814,224.2,1031313,3172356,673862,224.9,1086311,3401872,657320,219.4,1062687,3188678,569700,231,1165996,2788901,555954
Plant and machine operators and assemblers,High shcool,Female,Total,220,440007,1281820,160703,223.3,507584,1380664,154647,218,572813,1903776,175338,212.7,656428,2135409,179252,214.2,716395,2450566,161430,205.3,682740,2505491,128614,222.8,746816,1805737,119882
Plant and machine operators and assemblers,Jonior college,Total,Total,225.9,813724,2523898,21788,225.6,838115,2315772,29777,226.5,938522,3325599,33159,217.5,1046865,3669032,32381,218.8,1117252,3948364,35871,213.5,1138046,3962207,40761,225.6,1135193,3015229,37353
Plant and machine operators and assemblers,Jonior college,Male,Total,226.5,822259,2559721,21170,226.2,849830,2359421,28461,227.1,954185,3398297,31861,218.2,1072769,3808250,30505,219.5,1134775,4028071,34262,213.5,1152567,4028722,39277,225.8,1152722,3076014,35470
Plant and machine operators and assemblers,Jonior college,Female,Total,206.7,521341,1296741,618,214,584760,1371786,1316,211.9,554049,1541124,1298,206.2,625640,1405254,1876,204.9,744123,2251102,1609,212.2,753740,2201738,1484,221.9,804998,1870218,1883
Plant and machine operators and assemblers,College and university and over,Total,Total,210.8,811103,2862826,5468,211,855913,2692515,6685,213.8,956356,3620136,7228,210.1,1098625,4320135,8113,203.2,1066996,3511124,8755,209.5,1113599,3777083,10872,212.3,1165644,2991833,14825
Plant and machine operators and assemblers,College and university and over,Male,Total,210.7,821305,2911093,5297,211.4,867102,2732298,6447,214.9,967082,3646381,6911,210.4,1112573,4414709,7810,203.9,1088668,3646877,8175,208.5,1133135,3925889,10003,212.4,1188360,3110592,13983
Plant and machine operators and assemblers,College and university and over,Female,Total,214.1,495076,1367678,171,199.9,552824,1614861,238,191.5,722511,3047962,317,202.4,739132,1882439,303,192.2,761523,1597706,580,221.7,888721,2064193,869,210.8,788404,1019613,842
Elementary occupations,Total,Total,Total,236.2,532986,1161564,269932,231.8,586697,1402098,330939,243,657988,1513442,329316,239.7,700927,1672238,355601,240.9,747994,1781597,366949,244,737214,1699522,336289,234.9,773208,1511385,348631
Elementary occupations,Total,Male,Total,244.9,577953,1309054,197911,238.7,639546,1574744,238486,253.7,715977,1682444,238120,256.9,767911,1914888,246270,258.8,817052,2024148,253214,262.8,810779,1960775,224852,246.9,849154,1719641,231311
Elementary occupations,Total,Female,Total,212.4,409419,756267,72021,214,450370,956750,92453,215.1,506572,1072165,91196,200.9,550045,1125664,109331,201.1,594249,1241595,113735,206,588777,1172379,111437,211.2,623471,1100781,117320
Elementary occupations,Under middle shcool,Total,Total,230.2,507703,1023448,171735,229.4,556934,1249340,208820,240.3,625167,1328886,203434,238,669554,1500155,221724,237.7,707684,1587732,225987,241.4,694542,1433983,198412,234.2,725939,1352150,187004
Elementary occupations,Under middle shcool,Male,Total,239.5,564979,1200049,112208,238,620087,1442266,135743,254.1,694191,1505053,133484,259.5,748933,1753923,138410,260.9,789022,1885671,139596,267.2,784796,1719934,116180,251.2,820649,1657477,108481
Elementary occupations,Under middle shcool,Female,Total,212.7,399737,690558,59527,213.5,439625,890972,73077,213.8,493452,992711,69950,202.3,537683,1078568,83314,200.2,576253,1106302,86391,205.1,567029,1029981,82232,210.9,595096,930336,78523
Elementary occupations,High shcool,Total,Total,247.6,576198,1404088,92997,237,635215,1664783,114353,249,708075,1805950,118296,243.3,752532,1972734,125680,247.3,811090,2077074,132158,248.5,793654,2052071,129028,235.8,819293,1662233,148318
Elementary occupations,High shcool,Male,Total,252.9,594171,1452256,81117,241,663189,1753566,95837,254.9,741568,1903560,97754,254.6,791330,2132398,101132,258,851086,2181984,105798,259.6,834192,2185861,101092,243.6,865947,1725851,111596
Elementary occupations,High shcool,Female,Total,211.2,453476,1075194,11880,216.4,490422,1205254,18516,220.6,548693,1341451,20542,196.9,592694,1314957,24548,204.6,650566,1656011,26360,208.5,646959,1567925,27936,212.1,677512,1468899,36722
Elementary occupations,Jonior college,Total,Total,230.8,588974,1463610,2894,219.5,654473,1706236,4940,224.9,757593,1809428,5230,226.6,765314,1686835,5330,223.8,848124,2396599,6376,228.2,870491,2696293,6285,226.6,955012,2278157,8129
Elementary occupations,Jonior college,Male,Total,234.9,610799,1594676,2443,222.3,676825,1776905,4336,228.5,776103,1872031,4751,238.8,839346,2034368,4059,229.8,878891,2466656,5544,232.1,896558,2847688,5347,231.4,1007751,2592160,6546
Elementary occupations,Jonior college,Female,Total,208.2,470752,753643,451,199.7,494017,1198917,604,189.4,573996,1188493,479,187.7,528891,576972,1271,183.5,643112,1929776,832,206.3,721902,1833276,938,206.6,736928,979698,1583
Elementary occupations,College and university and over,Total,Total,234.1,602999,1287796,2306,217.1,704212,1528673,2826,226.7,755906,2105365,2356,231.3,745305,1780632,2867,236,802609,2127635,2428,247.8,872341,2063324,2564,246.2,874804,1737453,5180
Elementary occupations,College and university and over,Male,Total,236.9,605920,1270454,2143,218.4,722790,1562574,2570,231.5,772757,2228328,2131,234.2,756064,1838794,2669,239.6,803542,2102679,2276,253.7,897268,2177595,2233,249.6,887524,1791992,4688
Elementary occupations,College and university and over,Female,Total,196.8,564601,1515798,163,203.9,517707,1188344,256,181.3,596316,940773,225,191,600283,996626,198,181.5,788650,2501318,152,207.8,704180,1292430,331,213.5,753599,1217773,492
